id,tweet,true_label,bert_label,gpt_label,trad_label
96874,#RAP is a form of ART! Used to express yourself freely. It does not gv the green light or excuse the behavior of acting like an animal! She is not in the streets of the BX where violence is a way of living. Elevate yourself boo and get on @USER level for longevity! #QUEENüëë,NOT,NOT,NOT,OFF
65507,@USER Do you get the feeling he is kissing @USER behind so he can humiliate him later?,OFF,NOT,OFF,NOT
22452,"ùìí-ùìíùìÆùì≠ùìªùì™ùì∑..  The Nord cannot make a single move, but he is fully aware of what is happening. A chill comes down his spine as a ghostly, rather. . . calm female voice called for him from a corner of the room.  Before he even has time to /attempt/ a response, +",NOT,NOT,NOT,OFF
24930,"#Dallas#Policewoman kills neighbor in HIS own apartment? WHAT went wrong?? See:Officer who shot man in his own apartment was involved in 2017 shooting of a suspect. ‚ÄúShe is devastated,said a Dallas police officer, adds she is ""so so sorry for his family?"" URL",NOT,NOT,NOT,OFF
53563,"#kznlt Enjouji really is the prototype of my character brand, he is nothing but things that I love all rolled into one horrible package and fed directly into baby me's subconscious.",NOT,NOT,NOT,OFF
21454,#Beto #BetoForSenate #BetoORourke #BetoforTX  Willie Nelson laughs at conservatives who are upset with him. URL,NOT,NOT,NOT,OFF
99680,Levi Strauss has ‚Äúnever been afraid to take an unpopular stand to support a greater good.‚Äù '  What about when they shut down all manufacturing in America?  That wasn't even a news story when it happened. Maybe they're right; it wasn't unpopular.  URL,NOT,NOT,NOT,OFF
58742,#Amnesty_International: US is in violation of international human rights law by not passing stronger #gun_control URL via @USER URL,NOT,NOT,NOT,OFF
98916,"#ANTIFA are bedfellows with The Democratic Socialists of America (DSA) who #JamesOKeefe has exposed as being inserted throughout government, attempting to bring down #America  #Trump #MAGAüá∫üá∏ #DeepState  URL",OFF,NOT,OFF,NOT
88905,#FortniteBattleRoyale #XboxShare @USER   Please ban this cheating scum.  he is literally invisible URL,OFF,OFF,OFF,NOT
88670,"#republicans put WALLin budget..you are going to loose Pres.Trump followers. He is why U R there, so support him URL",NOT,NOT,NOT,OFF
27158,Amazon will ship live Christmas trees to your door ‚Äî but will they stay and put on the damn lights? URL,OFF,OFF,OFF,NOT
42325,#Conservatives Govt ' @USER made my life hell': whistleblowers say they were threatened by regulator; I thought this Govt promised to protect whistleblowers?  URL,OFF,OFF,OFF,NOT
24316,@USER #Zuckerberg lies.,NOT,NOT,NOT,OFF
15180,#FortniteBattleRoyale #XboxShare @USER   Please ban this cheating scum.  he is literally invisible URL,OFF,OFF,OFF,NOT
76565,@USER Gun control? I'm wondering who was in control of all those bodies that got suicided because of you. You need to be controlled.  24/7/365 #GITMO THE PAIN IS COMING. #MAGA #QAnon #Benghazi  Hope they televise your demise.,NOT,OFF,NOT,OFF
81352,#BoycottNFL .@USER You are dead to me. @USER @USER URL,OFF,OFF,OFF,NOT
15815,#BelieveAllWomen just when I think things can't get dumber.. this happens.. liberals probably don't realize this because they are children but this isn't equality. How about we treat women an men the same.. pretty sure that'll have better results for culture,OFF,OFF,OFF,NOT
86385,"@USER Let's just be friends and have a civil discussion.""  So it's totally fine if he is told to his face that his life is sinful. But criticize him ever so lightly and that is not civil anymore, which deserves a block!""",NOT,NOT,NOT,OFF
52104,"#Chequers crashes and burns in #Strasbourg along with #May's hopes of clinging to power...‚Ä¶..her support ebbing away in the @USER Party, in #Parliament and in the Country.  It is time for her to load the Webley.....",NOT,NOT,NOT,OFF
43587,"#Conservatives ¬£2 bn Housing on-trick @USER -  What a crock of sh#te""! @USER #HousingCrisis  URL",OFF,NOT,OFF,NOT
18997,"#1A #2A  Ok,@USER , @USER  This is Eric Holder talking about gun control. This has been pulled down 6 times now. I'm going to keep reposting it everytime it gets taken down!! URL",NOT,NOT,NOT,OFF
11781,"You didnt have to beat him up like that... all he said was you are looking so delicious."" You say as you clean up his bruised knuckles. ""Nobody talks to my woman that way...except me."" He pulls you on to his lap.  ""Do you want me to kiss it and make it feel better?"" You tease.+ URL",NOT,NOT,NOT,OFF
72274,@USER @USER has stated that any talk of Zionist involvement in 9/11 is metaphysical masturbation because he is a disinformation agent taking advantage of people of lesser intellect. He should be ashamed of himself but he‚Äôs not because he‚Äôs #Zionel,OFF,OFF,OFF,NOT
51386,"#PoliticsInFocus Look Donald! You are only a duck, stop patronizing me! URL",OFF,OFF,OFF,NOT
55653,"#Cancer  Hate crime isn't an actual crime. If there's a victim, then it's just called crime. (Malum in se)  Hate"" crime is socially engineered programming to control people's behavior, just like gun control.  #ChangeMyMind URL",NOT,NOT,NOT,OFF
14051,#WalkAway #DemocratSocialists #Socialists #Socialism #Resist #Communists #Antifa #Cult #Crazy #Insane #mentalillness #EmptyHeaded #BernieSanders #Venezuela 42 TRILLION in NEW TAXES #AlexandriaOcasioCortez #OcasioCortez #EndorsementFail #MissVenezuala2018 Alexandria Ocasio Cortez URL,NOT,NOT,NOT,OFF
45518,@USER He is obviously getting suspended. He is not an asset for anyone,NOT,NOT,NOT,OFF
53351,"#Trump Really, everything Trump does is another piece of evidence for obstruction of justice. He is a talking crime machine.",OFF,OFF,OFF,NOT
51626,Levi Strauss has ‚Äúnever been afraid to take an unpopular stand to support a greater good.‚Äù '  What about when they shut down all manufacturing in America?  That wasn't even a news story when it happened. Maybe they're right; it wasn't unpopular.  URL,NOT,NOT,NOT,OFF
85886,"#CincinnatiEnquirer steps into #Gun Control FINALLY. Took a #MassShhoting on their damn door step for their #editors to wake up, but better late than never. URL",OFF,OFF,OFF,NOT
18091,@USER @USER @USER @USER @USER Same hereüò¢üò¢. I can't hear what she is saying,NOT,NOT,NOT,OFF
32851,#ChristineBlaseyFord needs to testify under oath before anything. The claims should be investigated as far as any of these claims can be investigated. If/ when it comes down to her word vs. #Kavanaugh's he should be approved as soon as possible. Full stop.  #MAGA #QAnon,NOT,NOT,NOT,OFF
57326,#CrowderConfronts continues to expose that the SJW bullies are paper tigers when conservatives fight back with truth and facts. #dontbeafraid #confrontwithtruth URL,OFF,OFF,OFF,NOT
68774,#BeckyLynch is beautiful one of the few women in wrestling that absolutely need no work done at all. She's absolutely beautiful just the way she is. Doesn't need giant boobs or a fake booty. @USER is just simply amazing #HIAC,NOT,NOT,NOT,OFF
43350,@USER @USER @USER Gun Control is nothing but people control. The left wants gun control ONLY because they do NOT want us little guys armed &amp; able to defend ourselves. Makes it harder to get us behind barbed-wire fences as they saw in North Korea.,NOT,NOT,NOT,OFF
85100,#BarbieDreamsVIDEO @USER   I love you‚ù§ But i fux with you even more as roman i feel like...you are roman just actin' like nicki!üòç  Dimelo papi papi!,NOT,NOT,NOT,OFF
47898,"#Bodyguard far fetched if she is alive but not impossible. I think Budd is his own worse enemy as signs of split personality, but uncertain as today's episode was all over the place!",NOT,NOT,NOT,OFF
71071,"#HurricaneFlorence ... not good, she is sporting a pinhole eye while strengthening... URL",NOT,NOT,NOT,OFF
97610,"@USER @USER @USER Okay and? Anybody can go to Eredivise and score 15+ goals. Shit league. Bundesliga teams are competitive in euro competitions. Mexico hasn‚Äôt produced any talent like Pulisic in a long time. It‚Äôs okay, maybe you guys will one day.",OFF,OFF,OFF,NOT
74237,@USER what? seems to me that's a terrorist attack probably IS/antifa. still Id look at who wants to get strawberries into the market before completing the form,NOT,NOT,NOT,OFF
47696,#LiberalLogic  #Kavanaugh looks predatory. Therefore he's guilty.  #Liberals are DANGEROUS people who should not govern anyone or anything. URL,OFF,OFF,OFF,NOT
75438,#Ishqbaaaz   Let Her join the cast..  She is not there.. must have shot those scenes in a jiffy before going to vacay  nothing to do with Groupbaazi or #Shivika not being on Focus  Groupbaazi consists of 3 Couples which is not there..  And Shivika scenes toh clip mein nehi thi..,NOT,NOT,NOT,OFF
55899,Always down to bond over the dani minogue target pants,NOT,NOT,NOT,OFF
63985,"50 Cent Calls Out Joe Budden's Bullshit"" On Instagram URL URL",OFF,OFF,OFF,NOT
59164,"#republicans put WALLin budget..you are going to loose Pres.Trump followers. He is why U R there, so support him URL",NOT,NOT,NOT,OFF
90036,#Liberals are pushing a #gayagenda and #republicans are pushing a #zionistagenda,NOT,NOT,NOT,OFF
72037,#Texas Ted Cruz campaign is sending people solicitations disguised as official looking county summons. Elderly residents have been confused by the notice to appear. He is so skeezy.    URL,OFF,NOT,OFF,NOT
56599,@USER #FakeNewsMedia is the #EnemyOfThePeople!  They want to control YOUR minds by controlling what information you get and do not get.  The #1stAmendment may protect #elitist #propaganda but it does not legitimize it or make it palatable to an engaged public. URL,NOT,NOT,NOT,OFF
37214,"#StopTheBias #RedCensorship  My account was suspended for apparently promoting Hate Speech"" , yet #Antifa Terrorist Organizations are actively up and running.  Since your Customer Service refuses to reply to my emails, care to explain how this makes sense?  @USER URL",NOT,NOT,NOT,OFF
76324,"-tsk stays.... Drop foto HAN JISUNG dong, please.... üò•",NOT,NOT,NOT,OFF
61004,#Liberals Lying - Nothing new here Claim we‚Äôre on track to meet #emissions targets is false  URL  #Auspol #LNP #NSWpol #Springst #Qldpol #WApol @USER @USER @USER #LNPMemes URL,NOT,NOT,NOT,OFF
30365,@USER Killary how does stricter gun control work. Looking at Chicago which has some of the strictest gun control laws in the country seems to have problems with shootings nearly everyday. Please explain that!,NOT,NOT,NOT,OFF
14582,#LifeIsButepu when you have sex anytime you want but you are single,OFF,OFF,OFF,NOT
59751,#Nigeria #Naija #9ja 'You are the most incompetent leader in Nigeria‚Äôs history' ‚Äì Atiku blasts Buhari URL By championnewsng Via URL,OFF,OFF,OFF,NOT
92215,"#Emmys  Well, most of those ex-crackheads are liberals and Democrats; so ...",OFF,NOT,OFF,NOT
11122,"#Conservatives Are #Outraged"" Because #TheyKnowNothing, Especially About @USER URL",NOT,NOT,NOT,OFF
35503,"...if you want more shootings and more death, then listen to the ACLU, Black Lives Matter, or Antifa. If you want public safety, then listen to the police professionals who have been studying this for 35 years."" -AG Jeff Sessions  URL",NOT,NOT,NOT,OFF
88939,"@USER @USER @USER @USER @USER @USER Really? The GOP hasn't even seen the letter yet. This sham is as subtle as a banana on a pool table and you won't, cant, see it. DiFi throws a hail Mary @ the 13th hour,  and you cry foul. At elast Ford won't have antifa coming to burn her house down. Dems are going down, hard.",NOT,NOT,NOT,OFF
22594,@USER @USER @USER Fascism was also against liberals as is Antifa according to your meme.,OFF,NOT,OFF,NOT
90492,"#JPNA2 @USER @USER vasay, Ahmed butt, Sohail sahab what a performance, loved the movie to the core, 1st #PMJG now #JPNA2 Humayun is our Shaan now, Fahad you are grace, class pakistan cinema in safe hands",NOT,NOT,NOT,OFF
42419,"#1A #2A   This makes 7 times its been pulled down, @USER , @USER  8th time I've posted it. You pull it down,  I'll repost.  Eric Holder on gun control.  URL",NOT,NOT,NOT,OFF
39860,Am I a dickhead ???? Probably yes,OFF,OFF,OFF,NOT
93586,"#Trump #MAGA| @USER @USER on #ElizabethSmart captor‚Äôs early release: ‚ÄúThat time when she was in the mental hospital, unfortunately, is nearly six years that she is getting credit for, which really is bringing her out of the system much earlier.‚Äù URL",NOT,NOT,NOT,OFF
55048,"#BoycottNike campaign must continue and grow  Paying overseas staff $0.20 an hour is not okay because your staff is over there"".   You are exploiting poor women/men in the world.  This is more than Americans can stand. URL",OFF,NOT,OFF,NOT
92341,#nowplaying March of the Antifa - Sickboy - Shake Hands With a Clenched Fist URL,NOT,NOT,NOT,OFF
72634,"#EmmyAwards2018 let the liberals pat themselves on the back, pushing socialism while making millions pretending to be REAL hard working people on TV shows.",NOT,NOT,NOT,OFF
35265,"*ICYMI* This is the reason Fascists have been desperately trying to find Anti Fascists in Tennessee. *This is what they don't want you to see* Including all League Of The South Members"" organizing groups etc. SHARE WIDELY URL",NOT,OFF,NOT,OFF
82044,"#RobertPoeti wants an explanation"" why the Auditor General of #Quebec is conflicted in this #AMF investigation! Perhaps he can't read and can't follow the trail of evidence that proves she is conflicted URL #sad. #CORRUPTION, #NathalieGDrouin, #PENNYSTOCKS""",NOT,NOT,NOT,OFF
24929,"#Rimmy4antifa @USER is calling for the death to the Bourgeoisie, a good man @USER  @USER",NOT,OFF,NOT,OFF
44218,#MAGA   Dems are using false allegation of Kavanaugh sexual assault as a bargaining chip against the release of classified docs by President Trump.,NOT,NOT,NOT,OFF
94427,#Conservatives do NOT represent all Canadians.   They are Authoritarian scum.   #cdnpoli #onpoli URL,OFF,OFF,OFF,NOT
25047,#BetoORourke Continues Attack on @USER Pushes for #GunControl @USER URL,NOT,NOT,NOT,OFF
75770,#StaffPick: 'A human rights crisis': US accused of failing to protect citizens from gun violence URL,NOT,NOT,NOT,OFF
57185,"@USER #ThoseThatAreTheLoudest are afraid, JUSTICE is coming #Bono is a scam just like the #ClintonFoundation #PedoWood #Haiti URL",OFF,NOT,OFF,NOT
41609,@USER Chicago's gun control is so effective it's eliminated crime completely.  Not.,NOT,NOT,NOT,OFF
88398,...veer left by the old church...,NOT,NOT,NOT,OFF
98685,#Liberals always up to dirty tricks to get their way. üëáüëá URL,OFF,OFF,OFF,NOT
41323,@USER Gun control takes guns out of law abiding citizens that‚Äôs it,NOT,NOT,NOT,OFF
15977,#TickTock If she is not formally charged for mishandling sensitive material we will have no choice but to release proof that she is guilty of high treason against the United States for selling patented military secrets to the Saudi Arabian government. URL,NOT,NOT,NOT,OFF
97795,#Aurora #IL #KaneCty please keep looking for and sharing this sweetheart named Rosey.  She is a little White and Tan Chihuahua that is terribly missed.  If you see her call 630-360-7325 right away! URL,NOT,NOT,NOT,OFF
92823,"@USER   This blow hard was going to push this for his votes. Bad enough his names on it, it will always be the Tappanzee  Bridge to us NYrs who had no say in it. I hope they investigate why this was going to be opened and risk lives and no one knew it wasn't ready.üí© URL",NOT,NOT,NOT,OFF
96905,"#tytlive OMG how can a Latino faith based woman think that Trump is Christian.  Wow, he is the poster child for immorality and hating Latinos",OFF,OFF,OFF,NOT
38726,@USER #MAGA who cares about the farm.  He had no reason to commit murder. End of story.,NOT,OFF,NOT,OFF
88660,"#MAGA  BREAKING NEWS:  The DNC stole their playbook from George Costanza on Seinfeld.  Now at least we know what we're up against.  DNC Rule #1:  It's not a lie, if you believe it.  WATCH: URL",NOT,NOT,NOT,OFF
79653,"5 years ago Antifa rapper Pavlos Fyssas surrounded by  fascists of the Golden Dawn Party in Keratsini, Athens, and stabbed to death.   Five years later WE DO NOT FORGET WE DO NOT FORGIVE  URL URL",NOT,OFF,NOT,OFF
60621,@USER (((ruth porat))) another coincidence? these are NOT good people.  And now people like her are shapping the narrative by censoring search results üò°,NOT,NOT,NOT,OFF
39400,#Conservatives have no genetic ability to understand #hypocrisy or #irony. Right wing ideology gets ya all twisted in knots. #onpoli  #Ontario  #PartyOfYesteryear  @USER  #FraudNation URL,OFF,OFF,OFF,NOT
85687,#MAGA #Kavanaugh #DrainTheDeepState @USER   I'd like to see @USER interviewed again. In his book ALL OUT WAR he laid out a lot that is happening today. ‚úìDC Secret Resistance Society ‚úìANTIFA ‚úì A White House meeting. Be interesting to hear him 2 yrs after Bk. URL,NOT,NOT,NOT,OFF
72523,#FemiNazis are Liberals so #MeToo only counts when they blame a non-Liberal man. #Bizarro  #KAG2018 ‚ù§Ô∏èüá∫üá∏ URL,OFF,NOT,OFF,NOT
21054,#KendallJenner looks amazing!!! Who cares if she is nude! Not everyone likes nudity for sexual desire. Some like it for the artistry in it. #me @USER Every woman on the planet has the same parts. She is just comfortable with hers. #YouGotThis,NOT,NOT,NOT,OFF
90581,#CreepyPornPresident  I WANT THIS TRENDING UNTIL HE IS OUT OF OFFICE URL,NOT,NOT,NOT,OFF
95258,Aparently my computer doesn't want to operate at the moment. So I will upload the episodes  Individually.  Sorry for the inconvenience.,NOT,NOT,NOT,OFF
89417,"#GreatAwakening  #QAnon #Resist #ImpeachTrump #Mueller #MuellerTime  liberals who liked/retweeted my post and don't know what exculpatory"" means. lol. It's a testament to their lack of interest in details.  Thanks guys!! URL",NOT,NOT,NOT,OFF
13993,#Immigration Public Charge Rule has been law for 109 years U.S social safety net was designed to support U.S Citizens Not to finance foreigners lives in he U.S  #Trump #MAGA . URL via @USER,NOT,NOT,NOT,OFF
32492,#Florence List:  URL  Hurricane Florence feeds ..  #Trump #MAGA central #VA    | @USER ..close-up view..excessive rainfall outlook for today through 8 a.m. Monday. Purple areas are in the highest risk. #vawx #ncwx #nrv #rke URL |,NOT,NOT,NOT,OFF
72867,#TEAM4THEBEEZ PLEASE SHARE THIS PUP DID NOTHING EXCEPT HIS OWNER DIED AND HE WAS #DUMPED2DIE AT SHELTER HE IS IN GRIEF FOR HIS OWNER AND TERRIFIED IN NOISY SHELTER PLEASE #NOKILLSHELTERNATION IS WHAT WE NEED BUT LETS FIND THIS POOR PUP A #HEROES2ANIMALS URL,NOT,NOT,NOT,OFF
50665,"#WednesdayWisdom Antifa calls the right fascist when, in all reality, they and the left are following the same scenario as the Third Reich: indoctrination of our youth, trying to control minorities and a total lack of understanding or knowledge of history.  #WalkAway",NOT,OFF,NOT,OFF
